INSERT INTO `filieres` (`code_fil`, `nom_fil`) VALUES 
		("AGC_C_BP_2A","Commerce (2A)"),
		("AGC_C_BP_3A","Commerce (3A)"),
		("BP_TCPS_BP_1A","Tronc commun professionnel service (1A)"),
		("REM_MVAOV_BP_2A","Maintenance de Véhicules Automobiles Option : Voitures (2A)"),
		("REM_MVAOV_BP_3A","Maintenance de Véhicules Automobiles Option : Voitures (3A)"),
		("GE_EB_PC_1A","Electricité de Bâtiment (1A)"),
		("GE_EB_PC_2A","Electricité de Bâtiment (2A)"),
		("GE_EB_PC_3A","Electricité de Bâtiment (3A)"),
		("GE_EEI_Q_1A","Electricité d'Entretien Industriel (1A)"),
		("REM_RVA_Q_1A","Réparateur de Véhicules Automobiles (1A)"),
		("REM_RVA_Q_2A","Réparateur de Véhicules Automobiles (2A)"),
		("AGC_TCE_T_2A","Technicien Comptable d'Entreprises (2A)"),
		("GC_AA_T_1A","Assistant Administratif (1A)"),
		("GE_EMI_T_1A","Technicien en Electricité de Maintenance Industrielle (1A)"),
		("GE_EMI_T_2A","Technicien en Electricité de Maintenance Industrielle (2A)"),
		("NTIC_CMOSE_FQ_1A","Certification Microsoft Office Specialist en Excel (1A)"),
		("NTIC_CMOSW_FQ_1A","Certification Microsoft Office Specialist en Word (1A)"),
		("REM_TREMOA_T_1A","Technicien en Réparation des Engins à Moteur (Option: Automobile) (1A)"),
		("AGC_TSC_TS_2A","Technicien Spécialisé en Commerce (2A)"),
		("AGC_TSD_TS_2A","Techniques de Secrétariat de Direction (2A)"),
		("AGC_TSFC_TS_2A","Technicien Spécialisé en Finance et Comptabilité (2A)"),
		("AGC_TSGE_TS_1A","Technicien Spécialisé en Gestion des Entreprises (1A)"),
		("AGC_TSGE_TS_2A","Technicien Spécialisé en Gestion des Entreprises (2A)"),
		("DIA_DEV_TS_1A","Développement Digital (1A)"),
		("DIA_ID_TS_1A","Infrastructure Digitale (1A)"),
		("GC_GE_TS_1A","Gestion des Entreprises (1A)"),
		("NTIC_TDI_TS_2A","Techniques de Développement Informatique (2A)"),
		("REM_TSDEE_TS_1A","Technicien spécialisé en Diagnostic et Electronique Embarquée (1A)"),
		("REM_TSDEE_TS_2A","Technicien spécialisé en Diagnostic et Electronique Embarquée (2A)");
INSERT INTO `groupes` (`nom_gp`,`code_fil`) VALUES 
		("C201","AGC_C_BP_2A"),
		("C202","AGC_C_BP_2A"),
		("C301","AGC_C_BP_3A"),
		("C302","AGC_C_BP_3A"),
		("TCPS101","BP_TCPS_BP_1A"),
		("MVAOV201","REM_MVAOV_BP_2A"),
		("MVAOV301","REM_MVAOV_BP_3A"),
		("EB101","GE_EB_PC_1A"),
		("EB102","GE_EB_PC_1A"),
		("EB103","GE_EB_PC_1A"),
		("EB104","GE_EB_PC_1A"),
		("EB105","GE_EB_PC_1A"),
		("EB106","GE_EB_PC_1A"),
		("EB107","GE_EB_PC_1A"),
		("EB108","GE_EB_PC_1A"),
		("EB201","GE_EB_PC_2A"),
		("EB202","GE_EB_PC_2A"),
		("EB203","GE_EB_PC_2A"),
		("EB301","GE_EB_PC_3A"),
		("EB302","GE_EB_PC_3A"),
		("EB303","GE_EB_PC_3A"),
		("EB304","GE_EB_PC_3A"),
		("EEI101","GE_EEI_Q_1A"),
		("RVA101","REM_RVA_Q_1A"),
		("RVA102","REM_RVA_Q_1A"),
		("RVA201","REM_RVA_Q_2A"),
		("TCE201","AGC_TCE_T_2A"),
		("TCE202","AGC_TCE_T_2A"),
		("AA101","GC_AA_T_1A"),
		("AA102","GC_AA_T_1A"),
		("EMI101","GE_EMI_T_1A"),
		("EMI201","GE_EMI_T_2A"),
		("EMI202","GE_EMI_T_2A"),
		("CMOSE101","NTIC_CMOSE_FQ_1A"),
		("CMOSE102","NTIC_CMOSE_FQ_1A"),
		("CMOSE103","NTIC_CMOSE_FQ_1A"),
		("CMOSE104","NTIC_CMOSE_FQ_1A"),
		("CMOSE105","NTIC_CMOSE_FQ_1A"),
		("CMOSW101","NTIC_CMOSW_FQ_1A"),
		("CMOSW102","NTIC_CMOSW_FQ_1A"),
		("CMOSW103","NTIC_CMOSW_FQ_1A"),
		("CMOSW104","NTIC_CMOSW_FQ_1A"),
		("CMOSW105","NTIC_CMOSW_FQ_1A"),
		("TREMOA101","REM_TREMOA_T_1A"),
		("TREMOA102","REM_TREMOA_T_1A"),
		("TSC201","AGC_TSC_TS_2A"),
		("TSC202","AGC_TSC_TS_2A"),
		("TSC203","AGC_TSC_TS_2A"),
		("TSD201","AGC_TSD_TS_2A"),
		("TSFC201","AGC_TSFC_TS_2A"),
		("TSGE201","AGC_TSGE_TS_2A"),
		("TSGE202","AGC_TSGE_TS_2A"),
		("TSGE203","AGC_TSGE_TS_2A"),
		("DEV101","DIA_DEV_TS_1A"),
		("DEV102","DIA_DEV_TS_1A"),
		("ID101","DIA_ID_TS_1A"),
		("ID102","DIA_ID_TS_1A"),
		("ID103","DIA_ID_TS_1A"),
		("GE101","GC_GE_TS_1A"),
		("GE102","GC_GE_TS_1A"),
		("GE103","GC_GE_TS_1A"),
		("GE104","GC_GE_TS_1A"),
		("GE105","GC_GE_TS_1A"),
		("TDI201","NTIC_TDI_TS_2A"),
		("TDI202","NTIC_TDI_TS_2A"),
		("TSDEE101","REM_TSDEE_TS_1A"),
		("TSDEE102","REM_TSDEE_TS_1A"),
		("TSDEE201","REM_TSDEE_TS_2A");
INSERT INTO `profs`(`code_prof`, `nom_prof`) VALUES 
		("13515","MERYEM RACHID"),
		("7932","ABDELLATIF MAKHLOUFI"),
		("12584","SANAA EL AMRANI"),
		("E39891","SOUMIA BERRADA"),
		("11966","AKRAM BOUATERIA"),
		("9892","SALWA DIAMANDE"),
		("BE873167","ZAKARIA CHIHI"),
		("9595","KAMAL NAJIL"),
		("10339","OMAR HAJOUI"),
		("11302","Hamid KHADDOU"),
		("12585","ABDELILAH CHAHID"),
		("12550","FATIMA ABACHRA"),
		("BH2382","ABDERRAHIM KASSIMI"),
		("13276","ABDELKRIM HORMI"),
		("B424626","ABDERRAHIM BELGASSAB"),
		("18529","SAMI MAZOUZ"),
		("8973","ZINEB SLIMANI"),
		("17588","AMINE CHACHOUAI"),
		("12545","KHALID HATEM"),
		("B85264","MOSTAFA BAID"),
		("Q264390","FATIMA EZZAHRA NOUAR"),
		("BE636667"," ABDENNASSER MAHZOUM "),
		("18219","KHALID BORJA"),
		("B118722","HAMID TARI"),
		("BE842845","BADR ATLASSI"),
		("BH360638","HAMZA EL HAMOUMI"),
		("9461","SIHAM ESSBAI"),
		("BH312546","ALI  MOUTAWAKIL"),
		("T236415","MERYEM MOUSSADDAD"),
		("8521","ABDELKHALEK OUATI"),
		("B202655","TIBARI HANOUNI"),
		("BJ345820","HAMID AITAFKIR"),
		("11185","FAHD BOUTOUIL"),
		("BK273962","EL MAHDI MOUKNI"),
		("8461","JAMILA YASSI"),
		("7606","ABDERRAHIM RASIM"),
		("9828","BOUCHRA CHARIF"),
		("B296799","BRAHIM CHAKER"),
		("8229","MOHAMED ABOUNACEUR"),
		("8454","SAID JALIL"),
		("B124120","BOUSSELHAM HACHIMI"),
		("B439912","NAIMA TORAIF"),
		("18203","CHIHAB-EDDINE CHERRABI"),
		("BK123955","REDOUANE GARFAOUI"),
		("BJ367107","WAFAE AMINE"),
		("BE877708","DOHA ESSALAMA"),
		("B452750","ABDERRAHIM SOUBHANI"),
		("SH152709","ANAS REZOUK"),
		("B298945","BRAHIM BELLA");